id	mydate	author	posts	text
1	2020-11-08	WahlstedtM	765	 Svensken ska kuvas med skuld, svensken ska vid nämnadet av segregering tänka gett som invandrarna är tvingade att bo i. En ide som aldrig ska få dyka upp i svenskens huvud är: Men hur bosätter sig invandrarna när de köper sina bostäder, är det bland svenskar så blir det uppblandning men är det bland sina egna är segregeringen självvald och har aldrig varit svenskens fel. För exakt info frågar man ett antal mäklare (vilket jag gjort flera ggr under årens lopp) de svarar att områden får status att här är det många tex indier och då kan indier flytta dit. Vet ej hur det är i småstäder men valet att bo bland sina egna visar tydligt på ovilja att integreras och drift att självsegregera sin grupp. Hur ska vi göra för att inte det här resonemanget får fäste i samhället? Och vad tänker du i fortsättningen när du läser ordet segregering? Tips: segregering tänder bilden getto i din hjärna, samma som gäng tänder bilden av mc-gäng, vi är bra på att utnyttja den mekanismen, det är också vi som planterar fantasibilderna i era hjärnor. 
2	2020-11-08	Filantrop007	5665	 En hel del invandrare som är framgångsrika flyttar till " finare " områden. I min brf i Vasastan har vi några som har svåruttalade namn. Däremot har vi inga fattiga etniska svenskar. De bor i östra Göteborg. 
3	2020-11-08	Bill-N	4992	 Första meningen är oklar. "ska vid nämnadet av segregering tänka gett som ..." Vad avses? Skuldkänslor är väl meningslösa. Vi får göra vårt bästa så löses alla problem. Framtiden känns ljus. 
4	2020-11-08	WahlstedtM	765	 Ska vara getto! 
5	2020-11-08	Bill-N	4992	 Aha, intressant. Jag tänkte ett ögonblick att det skulle tydas som "tänka gott om .." Det hade blivit bättre. Jag skriver om: Om vi tänker gott om svenskar och invandrare så blir det bättre och då får vi en positiv utveckling för oss alla. Vi börjar i vårt inre att tänka gott om alla boende oavsett var man bor så får vi en bra utveckling. Jag tror det var så TS menade men han har lite svårt med språket. Nu inser vi vad han menade. Vi ska tänka gott och det håller jag med om. 
6	2020-11-08	constant	28258	 Ungefär som med svenskar som flyr till exempelvis Spanien. Tänker du att dessa områden då blir getton/slumområden? Jag bor i ett område med väldigt många asiater, och mitt område är långt ifrån någon slum. 
7	2020-11-08	Bebbanburg	4087	 Detta med invånarnas skuld för den misslyckade integrationen är rent trams. Allt har orsakats av politiker som inte tänker efter före. Enkelt uttryckt kan man säga att ledande politiker har bjudit in massor av människor till Sverige. Väl vid den svenska gränsen släpper politikerna tanken och ansvaret för dessa invandrare, det blir plötsligt någon annans bekymmer. Allt från Migrationsverket till gemene man. Migrationsverket vräker ut skattepengar men lyckas inte fullt ut. Arbetsförmedlingen lyckas inte heller fullt ut. Arbetslöshet, trångboddhet, ökad kriminalitet, bidragsfiffel, våld mot kvinnor m.m. Kanske borde politikerna här ransaka sig själva och tänka att det kanske var lite för stor invandring på för kort tid. Nä, sådana tankegångar finns inte, för det är nu man känner att " anfall är bästa försvar". Låt oss skylla på rasismen bland svenskarna och låt oss se till att svenskarna i gemen är orsaken till den misslyckade integrationen. Detta gör man med bravur. Framförallt yngre människor köper detta med hull och hår och därmed för de tramset vidare i media och under lång tid, tills det hela blir en "sanning". Den enkla sanningen är att människor trivs bäst med likasinnade. Oavsett etnicitet. 
8	2020-11-08	ronken82	904	 [/B Precis, " Upprepar du en lögn tillräckligt mycket, så blir den en sanning" ] 
9	2020-11-08	RobbanUC	6901	 Ni borde enligt er egen allmänt vedertagna princip upplåta lägenheter åt utsatta fattiga grupper, och ej åt kapitalstarka översittare. Beskrivningen av din egen bostadssituation pekar klart på välbemedlad vänsterhycklande priviligierad vit över/medelklass som rättfärdigar sitt avstånd och sin ekonomiska segregering från ghettot med godhetssignalering och skuldbeläggning av andra. Storstadsvänsterns egen variant på ekonomisk och etnisk APARTHEID. Exakt den typ av charlataner/socialister/Champagnevänster som Orwell beskrev i 1930-talets London. "Svåruttalade namn"= Vänsterns sätt att dölja hyckleriet och föraktet för utlänningar genom användandet av" fina ord". Jämför med SovjetKommunisternas förakt för andra etniciteter/nationaliteter. 
10	2020-11-08	Filantrop007	5665	 Du som kanske är lite fattigare borde rycka upp dig. Framgång kommer inte av sig självt. Man måste anstränga sig. Om du lagt lite av flashbackgnällartiden på arbete hade din situation varit bättre. Grannarna med konstiga namn har ansträngt sig. Heder åt dessa. 
11	2020-11-08	RobbanUC	6901	 Sanningen är alltid värst för vänstern. När hyckleriet avslöjas, sanningen kommer fram och argumenten tar slut, då kommer de grundlösa personangreppen. 
12	2020-11-08	shivashambo	2518	 Ok, men du tar inte med helheten. Ingen gör något utan vinning på ett eller annat sätt. Tankarna är till för att beräkna fysiskt överlevnad samt godtycklig mental "överlevnad" med minst möjliga motstånd till störst möjliga säkerhet och vinst. Invandrarna är bl.a valfläsk, splitter i svenskt samhälle åt globaliseringen med "ängeln" Greta i spetsen, överflöd till jurister, makt till politiker osv, mm mm. Helt enkelt ett kortvarigt godhetsknark som nu börjar ta slut pga överbelastning i systemet. Gamarna hänger dock kvar som snoret hos småbarn och drogpappa Freddy R gapar mest att det egna folket är rasister när han blev försäkringsagent mot överfall och plundring mm!! Skam är en klar och bra känsla som visar när du ljugit inför dej själv, sanningens egen polis. Dock kan den manipuleras med droger och fanatism tills kroppen kroknar Media stryper ansikte mot ansikte skammen och du blir en anonym röst i mängden. Vi har nu detta samhälle där du kan ljuga fritt med din dator som enda vittne och sedan klappa dej själv på axeln och ta en ny drog och planera för utökad invandring men nu kontrollerad enligt ett PM om återhållsamhet. Die Dumme Schweden nickar och mumlar va bra va va de ja sa, vi är bäst jag älskar multikulti i lagom dos! När öppnar Thailand gränsen igen jag behöver luft? 
13	2020-11-08	Spersson	12017	 Äkta svenskar som flyttar utomlands blir aldrig segregerade eller arbetslösa. Det blir däremot utlänningar som flyttar till Sverige. Riktiga svenskar kan flytta till vilket land som helst och få jobb direkt. 
14	2020-11-08	tryggtochbra	3495	 Segregation är något naturligt som vi alla ägnar oss åt och behöver inte vara något stort problem. Problemen uppstår främst när det kommer extremt aparta grupper som blir så stora att de kan segregera sig i ett samhälle som är uppbyggt kring tanken på solidaritet och en gemensam strävan mot samma mål. Där uppstår förstås allt större frågetecken kring varför normala arbetande svenskar (infödda som invandrade) ska försörja hela utanförskapsområden med islamister, gängkriminella och anti-sociala individer som visar noll intresse för svenska samhället utöver att mjölka det på så mycket pengar som möjligt. Självklart kommer det uppstå segregation där normala människor inte vill bo med islamister och klanstyren och lösningen är inte att skänka bort villor i Saltsjöbaden till islamister och klaner utan att utplåna dem som betydelsefulla grupper i Sverige. 
15	2020-11-08	TheLucky	14394	 Bakgrunden är den proposition från 1997 om mångkulturen där det står att ingen ska kunna komma undan integreringsarbetet. Nu ska man inte tror att svensken börjat eller ens kommer att känna skam. Istället har motståndet mot invandringen över tid ökat. Nästan 70 procent vill idag ha ett totalt stop och repatriering av migranter. Bara mellan 8 till 10 procent anammar etablissemangets hån mot medborgarna. 
16	2020-11-08	RogerRoger	3181	 Vi kan väl ta Biden som föredöme, han kämpade ju för ett segregerat USA i sina yngre dagar. Media gillar ju Biden så vi borde ha med oss dem på lobbying för liknande politisk acceptans för segregation i Sverige. 
17	2020-11-08	constant	28258	 Tänker du på alla som utvandrade till Amerika, och direkt fick arbete? 
18	2020-11-08	<user> Mad monk Reg: Sep 2007 # Inlägg: 21 188 
19		 Ja det hela handlar i grund och botten om white guilt av någon anledning är vi skyldiga berikarna en massa saker av vilken anledning? Jo du har vit hud och lever i ett fungerande samhälle(nåväl). Detta är vad PK:ism är. 
20	2020-11-08	BoulevardAlruna	2881	 jag hade inte haft några som hellst problem med att bo granne med ett lärarpar från Gambia, en eritrean som jobbade i klockaffär eller en libanes som var civilingenjör, en kristen präst från Zimbabwe och hans fru och två barn eller en kines som var träslöjdslärare. Det har inte med hudfärg att göra utan med icke västerländska traditioner och religioner som inte passar in att göra! Jag vill inte bo med såna som har sju jobbiga ungar, som skriker och bråkar, som är muslimer, som snattrar i mobilen med högtalaren på 24-7, som inte pratar ett ord svenska (eller engelska), som inte fattar att man ska sopsortera, som slänger grejer runt sig hela tiden. Hudfärg spelar mindre roll. 
21	2020-11-08	<user> Mad monk Reg: Sep 2007 # Inlägg: 21 188 
22		 Precis det handlar om att de är trash och ingen vill bo granne med trash vit eller svart spelar mindre roll. 
23	2020-11-08	WahlstedtM	765	 Segregering betyder inte getto. 
24	2020-11-08	Bebbanburg	4087	 Helt riktigt, jag skar ned på generaliseringen, men det du lägger till stämmer. Kanske enklast kan sammanfattas med " follow the money". 
25	2020-11-08	WahlstedtM	765	 Det är starkt stigmatiserat att vara emot invandring, rasistskulden finns nästan i vårt DNA. Du kan inte sitta och prata öppet om att invandrarna ska ut i vilka rum som helst, vid köksbordet stannar säkert 99% av de kritiska rösterna. Agendan med att föra på skam och skuld för invandringskritiska åsikter är mycket väl genomförd. Ta bara problemet med att visa partitillhörighet, vänstern är cool att ha på t-shirt, en pin för S eller M är helt ok men sd, ojojoj, nästan inga vågar visa sig ute med sd-pin, keps eller t-shirt. Och så ska det vara, skam och skuld på dem som visar sympati för rasisterna, de politiskt korrekta individerna ska sätta social press på de visar sympati för sd. S kommer nu att prata i termer att "nu blir det hårdare tag, nu måste de flytta hem, nu är det stopp", då vet man att många röster kommer tillbaka enl principen att man gör som man brukar. När valet är vunnet och pakter stiftade för att hålla sd utanför så visar det sig att invandringen flödar in som vanligt - vi i media hejar på såklart. 
26	2020-11-08	WahlstedtM	765	 Precis, det är därför vi hela tiden pratar om utmaningar. När problemen ökar med invandrare, brotten ökar och 100000-tals nya är påg, kommunerna konkar så säger vi att det är utmaningar - en utmaning är svår men alltid spännande, positivt, ett ord som får med sig folket. Det handlar om att köpa tid, dag för dag, vecka för vecka osv - allt för att bryta sönder sverige. 
27	2020-11-08	Hiitsme	10033	 Du väljer ju själv var du vill bosätta dig t.ex. Mång av de som kommer bosätter ju sig i områden där det finns andra av samma ursprung. Kanske känns det tryggt men det är definitivt inte en väg in i samhället. 
28	2020-11-08	WahlstedtM	765	 Javisst, alla ska tänka och tycka det är bra med mångkultur. Därför är mångkulturen så starkt marknadsförd (viktigt att inte folket kopplar ihop "ju effektivare reklam desto sämre produkt"). 
29	2020-11-08	Bill-N	4992	 Jag tror att du har fel. Ingen vill bryta sönder Sverige. Vi vill alla hela och bygga upp Sverige. 
30	2020-11-08	constant	28258	 Okej. Svenskarna i Spanien är segregerade. 
31	2020-11-08	WahlstedtM	765	 Ska vi skapa en global värld så måste kärleken till folkets nationer krossas, förlöjligas, hånas, fördummas, spädas ut, stigmatiseras osv. Målet är att det inte spelar någon roll om du är svensk eller ej, det ska inte ha ett värde att vara svensk tex svenskt pass sjunker i värde. 
32	2020-11-08	Statistenidittliv	19153	 Fast invånarna har ju röstat på dessa politiker för att bedriva sin politik. Det måste ju innebära att invånarna har tid att sitta och mingla på cafeer med nyanlända. 
33	2020-11-08	Statistenidittliv	19153	 Du vill att vi bygger en värld av hat alltså? 
34	2020-11-08	WahlstedtM	765	 Nej inte alls, gränser och territorier, folkslag och religioner är grunden till alla konflikter därför ska vi bryta sönder så många nationer som möjligt. Dessutom ska vi i rika länder dela med oss av vårt överflöd för att utjämna levnadsstandarden globalt. 
35	2020-11-08	MrStreamer	11956	 Invandrarna är inte tvingad" att komma hit och svenskarna är inte tvingade att välkomna och ta emot. Säker trist för dig att höra men ENDA möjliga lösningen för att våra samhällen inta ska präglas av motsättningar, kaos och otrevnad är UTVIDGAD segregation. Somalier vill bo med somalier, araber med araber och svenskar med svenskar. Lika barn leka bäst. Försök att förstå och inse hur det rä så kan du lägga din tid på viktigare saker. MVH MrStreamer 
36	2020-11-08	Statistenidittliv	19153	 Vi har inget överflöd. Vi lånar pengar för att frakta hit överflödet från andra länder. Men du kan ju börja förlöjliga andra människors nationer och religioner och se vad de tycker om det. Du blir säkert jättepoppis. 
37	2020-11-08	acemanner	140	 Jag har hört detta resonemang tidigare från en skäggig tysk-judisk filosof i mitten av 1800-talet. Dessa idéer implementerades rejält under 1900-talet, med miljontals dödade under dessa idéer. Varför kan ni inte begripa att det kommer bli exakt samma grej som kommer hända om vi börjar med den här skiten igen? Ni är definitionen av sinnessjuka, jag kommer aldrig att lyssna på er. Ni får skicka mig till en Gulag eller skjuta mig, lär ju hända ändå. Äckliga råttor 
38	2020-11-08	Bill-N	4992	 De har fel igen. Vi kan ha en global värld och samtidigt en sund inkluderande nationalism. Ett svenskt pass har ett värde även framledes. 
39	2020-11-08	KingExcalibur	7	 När du säger vi så menar du alla utom Du och dina gelikar va? 
40	2020-11-08	MuhamtaCurry	4817	 Ett betydligt lägre värde. Aningen högre än ett liberianskt pass men inte mycket. Detta för att människor som du förvandlat Sverige till ett mångkulturellt skithål de senaste 30-40 åren. 
41	2020-11-08	Custom_made	7516	 Jag har aldrig röstat för skiten, kommer aldrig känna skuld, dessutom är demokratur så långt ifrån folkstyre som det går, så bort med skiten. Sverige är mitt och Svenskarnas land. Ni andra är bara här på lån pga. politik, lögner, bedrägerier. Ni kommer ALDRIG att vara Svenskar i mina ögon. ALDRIG. 
42	2020-11-08	Mertillen	19527	 Och har de ett uns av självrespekt kvar vägrar de att kalla sig svenskar. Att vara svensk är dessutom i vår tid inget att stå efter. Svensken är inte stolt över sig själv och gör heller inget för att ändra på det. 
43	2020-11-08	Custom_made	7516	 Aldrig sagt att det är sämre att vara invandrare. Säger bara att jag aldrig kommer se dom som Svenskar, vilket är vad etablissemanget vill. Att bli tvingad till åsikter brukar oftast betyda att man blir förstärkt i sin tidigare ståndpunkt. Förutom bögiga svenskar då. Dom blir gärna påtvingade det ena och det andra utan att klaga. Vågar dom göra nått, nä. Istället går dom fullt PK-bananas och börjar jaga sina grannar. PKISTER hade stått på RAD för att få gasa judar i koncentrationslägren. Dom skulle anmäla sina grannar till gestapo och döda sina barn om det krävdes från dem. 
44		 Håller med. Däremot så kan ingen ta ifrån oss att det faktiskt finns riktiga svenskar som bor och lever i Sverige. Som jag till exempel som vägrar skriva under på Reinfeldts eller Löfvens politik. Kommer aldrig stödja sådant splittrande "ledarskap". Jag är stolt över mig själv, men skäms över "genus-svenskar" samt bögarna, PK-isterna. Dom är fan inte Svenskar. Dom är psyksjuka. Svensk betyder att du skyddar Sverige och svenska intressen, inte att du släpper in massa våldtäktsmän och mördare. Jag ser t.ex. inte Löfven som svensk i och med att han inte skyddar svenska intressen. Konstigare än så är det inte. Och hade vi varit en riktig demokrati hade folk fått kritisera invandringen. 
45	2020-11-08	Kleo95	1983	 [quote=Mertillen|73543164] Och har de ett uns av självrespekt kvar vägrar de att kalla sig svenskar. Att vara svensk är dessutom i vår tid inget att stå efter. Svensken är inte stolt över sig själv och gör heller inget för att ändra på det.[/QUOT Hade på KTH en lärare från Södertörns högskola (Ergonomi och hållbarhet).Hon var nästan gråtande när folk skrattade när hon kallade oss för svenskar. Inga invandrare kände sig svenskar... Jag brukar köra mina egna undersökningar. Ställer frågor till folk. Senaste t.ex. var Finns det fattiga i Sverige? och Är du svensk? Sv 50 tillfrågade invandrare bara en tjej född av iranska föräldrar här svarade utan att tveka att hon är självklart svensk 
46	2020-11-08	-GG	9658	 Man kan väl säga att det är svårt att bygga ett välståndssamhälle/en civilisation/en fungerande organism utan en viss dos av skuld involverat, som gör att det finns reflektion och minne med i bilden. Problemet är bara att nu har vänsterblivna tillåtits att kapa den "hälsosamma skulden" och få den till att handla om något helt annat och framför allt, om andra grupper. Så nu går det riktigt illa för oss. För skulden ger oss ingenting positivt längre. Den är blott psykologiskt dysfunktionell och elakartad i sin praktik. 
47	2020-11-08	-GG	9658	 Varför håller du på att berätta över hela Fb vad er superplan är då? Borde inte du hålla tyst om planen fortfarande pågår? 
48	2020-11-08	RobbanUC	6901	 Vänstern kör som vanligt med att projicera sina egna brister, fel och missgärningar på andra. Misantropjäveln skryter med segregerat boende i det centralt belägna fiiiina området långt från kaosförorten, och lägger samtidigt skulden på de stackars satarna, de vita etniska Svenskarna, som måste stå ut med eländet i orten. Så jävla ON TOPIC som det kan bli. 
49	2020-11-08	WahlstedtM	765	 Det där måste göras med fingertoppskänsla och det måste göras av de som bor i landet och har makt i media. Tex så är konservativa stater i startskede för den typen av nedbrytning, Nicke berättade att den sk "snubbebögen" har stor roll i det hela, det ska tydligen vara bögar som spelar hetero och kan jobba sig till makt och väl där söndra och härska samt köpa anförvanter med kändisar. Viktigt att inte motståndarna får reda på det i förväg. Många västländer genomgår samma nedbrytningsagenda, vänta dig inte att vi i nyhetsmedia rapporterar om det... 
50	2020-11-08	WahlstedtM	765	 Detr är värt ett försök och med medias programmerande kraft så ska det gå! 
51	2020-11-08	WahlstedtM	765	 Tja, det var ju det Trump ville ha, därför programmerade vi svenskarna att tycka illa om Trump. 
52	2020-11-08	WahlstedtM	765	 Jo, alla ska med, men motståndarna måste visa att de gått över till vår sida först. 
53	2020-11-08	WahlstedtM	765	 För att det är roligt att slänga sanningen i ansiktet på folk som vägrar fatta, vi talar faktaresistens i kubik. I efterhand kan vi alltid säga "det där har vi aldrig varit hemliga med, vi har tom redovisat det på FB". 
54	2020-11-08	-GG	9658	 Ett kvitto på mänsklighetens samlade dumhet. 
55	2020-11-24	WahlstedtM	765	 Barnen i segregerade områden lär sig dålig svenska, Nike vinklar det mjukt åt att det är de svenska förskolelärarnas fel - skuld till svensken igen, bra Nike! 
56	2020-11-24	Richenbacker	5860	 Borde gå att byta ut 50% av eleverna på ex, vis lundsberg emot relativt nyalända MENA. Låt överklassen ta en liten smäll de är ofta Mp/C/ Lib, på papperet. 
57	2020-11-24	GTFO-Foreigner	3522	 Men WahlstedtM det är ju du och dina medelklass svennebanangrannar som ska flytta ut i Oooooorten, ni som är de kapabla i samhället, den "gudomliga" medelklassen som vill ha den här invandringen och vill ha rasblandning och globalism, det är ni som måste offra er och dra upp zoomalier och orchrakierna ur det muslimska träsket, ni måste bo bland de och lär de era "gudomliga" vägar. Arbetarklassen och de utslagna svenskarna är inte kapabla att integrera/assimilera orchrakierna och zoomalierna, det är ni de lärda, intelligentsian som har kapaciteten. Det är inte på FB du ska söka stöd, det är så här du ska göra som gammal murvel: Samnytt TV - Vem vill egentligen ta emot en invandrare? https://www.youtube.com/watch?v=zkPJCWGnZNQ Du som ledande inom din sfär kommer dessutom ha betydligt mer makt att skämma ut dessa ut att bosätta sig i Boskapsgården, Runkeby, Rosengrisen och liknande platser där zoomalier och orchrakier ockuperar. Go make it happen. Återkom gärna med hur kampanjen utvecklat sig, hur många av dina medelklass homo-globalister som du fått att flytta till ockuperad mark. Ser fram emot att se hur den "gudomliga" medelklassen lär orchrakier, zoomalier och babberabier hur man äter med bestick och har middagsbjudning a'la medelklassen och är så där härligt nervöst PK. 
58	2020-11-24	GTFO-Foreigner	3522	 Jag tror på det här, Lundsbergsbarnen ska integrera och sedan assimilera in zoomalier, orchrakier, babberabier och surasyribabbar. 
59	2020-11-24	Konrad	13228	 Personligen känner jag inte den minsta skuld utan konstaterar bara att segregering är en fullt naturlig följd när man med tvång försöker införa ett mångkulturellt lyckorike. Jag rycker bara på axlarna och säger: - Vad ska man eller vi göra åt det? Vem är denne "man" eller "vi" som ska kunna ändra på detta? Det går inte ens med våld att montera in en dieselmotor från Mercedes i en Tesla elbil och hoppas på att det kommer fungera. Varför ens försöka ge sig in på det helt omöjliga? Varför inte börja i en mindre försöksskala med att integrera säg kurder med turkar? Sunnimuslimer med shiamuslimer o.s.v? 
60	2020-11-24	Liberationfront	2935	 Alla har ett eget ansvar vid integration. Svensk som Nysvensk. Finns inga undantag. Däremot har de styrande ett ansvar att främja och möjliggöra integrationen. Där ligger misslyckandet. 
61	2020-11-24	Konrad	13228	 Jag har än inte hört en exakt definition på det i politiska sammanhang missbrukade ordet integration. Integration är ett, när det används politiskt, floskelbegrepp som kan betyda precis vad som helst. Jag är integrerad, kanske möjligen vet ej, till vad, vem eller vilka? Är somalierna integrerade till Irakierna? Är turkarna integrerade till kurderna? Hur ska vi få turkarna att integrera sig med kurderna? Om inte, hur ska vi tvinga turkar att integrera sig med kurder? Muslimer med hinduer o.s.v? Vilka är "vi" som ska kunna uträtta dessa stordåd? Allt är bara politiskt trams. 
62	2020-11-24	GTFO-Foreigner	3522	 Svenskarna som inte valt att importera orchrakier, zoomalier, goblinoider från Nordafrika, babberabier och allt vad det är för mörkerfolk som man släppt in har inget som helst ansvar eller tvång att integrera några av dessa mörkerfolk, de enda som ansvar här är människor som vill ha import av mörkerfolken och mörkervarelserna själva. Så nej du har fel, totalt fel. Bättre om ni och mörkerfolken flyttar till mörkerfolken istället för att skapa en ny mörkerfolksnation, vi har redan minst 100 nationer för mörkerfolk, världen behöver inte fler mörkerfolksnationer. 
63	2020-11-24	GTFO-Foreigner	3522	 En synnerligen dum idé, vad händer när du väl skapat fred mellan dessa grupper? De söker sig nya mål för sin kriminalitet, sitt hat och så vidare. Vilka är det då de kommer utse till sina nya offer? Svenskarna. Så en synnerligen dum idé, det är snarare bättre att förstärka hatet mellan dessa grupper så de är mer koncentrerade på att attackera varandra istället för svenskar. 
64	2020-11-24	itsaek	4967	 Nej nej nej. Hur i hela friden kan du säga att exempelvis jag ska hållas ansvarig för integrationens misslyckande? Jag har alltid varit emot ickevästlig ickevit invandring (östasiater undantaget). Varje gång jag eller svenska folket tillfrågats har vi sagt nej. Det har krävts extrem indoktrinering och propaganda, media har lierats med staten genom fiffiga värdeöverföringar så att nyktra röster kunnat dränkas i ett infantilt nyhetsflöde. Politikerna och tjänstemännen, kommunikatörerna och journalisterna är de skyldiga, men integrationen är inte "allas ansvar". Det är som att jag skulle ställa till med massa problem hemma hos dig och sedan säga att det är ditt ansvar att ordna upp i de problem jag skapat. Det är helt naturligt att segregera sig själv utifrån etnicitet och klass, det om något har historien visat oss. Det går att spendera all tid och energi i hela världen för att göra oss lika, men vi kommer ändå till sist föredra de som liknar oss framför de som är oss främmande. Om några få valperioder är Sverige i konkurs och kaos. Folket kommer då söka upp de skyldiga, namnen på de skyldiga finns överallt att finna. 
65	2020-11-24	Liberationfront	2935	 Det är lika delat ansvar. Problemet är redan på plats. Gråta för framtiden spelar ingen roll. Det är nu det gäller. Bli kompis med en icke-europe och se hur det går. 
66	2020-11-24	Liberationfront	2935	 Det är alltid gästerna som ska verka för att integreras med värdlandet. Däremot åligger det värd folket att förenkla detta 
67	2020-11-24	Liberationfront	2935	 Du har med ditt inlägg precis visat att jag har rätt. Det är du som skapar segregation genom att ge dessa människor epitet och prefix. Du tar inte ditt ansvar. Du tar avstånd. Vi och dem. Men det är bara oss. Har alltid varit. Det är därför exempelvis svenska kvinnor med sina hål hjälper till integration. De förstår att alla är människor. Men är ju egentligen kvinnor som styr Ssverige. Det är framtiden ligger. Svenska män gör lite nytta med sitt hat 
68	2020-11-24	Konrad	13228	 Ok, då är jag med. Det är således bara att säga till dem: - Nu måste du integreras men förvänta dig inga som helst pengar från oss realskattebetalare. 
69	2020-11-24	Rasande-Rose	4590	 "White guilt" är en utmärkt metod för att kuva folket till underkastelse. Inpräntar man ständigt hur elak svensken är så kommer inte folk bli lika arga när Ahmed och Muhammed förnedringsrånar 9-åriga Erik. Hade landet varit friskt så hade politikerna ställts till svars för rånen och våldtäkterna och Reinfeldt hade inte vågat visa sitt fula tryne utomhus. 
70	2020-11-24	<user> Mad monk Reg: Sep 2007 # Inlägg: 21 188 Jag tänker att det är helt självförvållat. Tycker inte det minsta synd om dom tvärtom. 
71	2020-11-24	Johnnyhotter	1125	 Det finns inget ansvar. Det har också alltid varit vi och dem, så fungerar människan och därför är jorden uppdelad i nationer med sina territorium. Är det som du påstår så skulle inte människans samhällen organiskt se ut som de gör. Du får heltenkelt sluta tala om för människor att de har ansvar och därför ska integrera sig. Istället får du själv integrera dig och visa oss andra hur bra det är. 
72	2020-11-24	Liberationfront	2935	 Ja. Eller integreras och börja bidra eller få fingret och åk hem. 
73	2020-11-24	GTFO-Foreigner	3522	 Klart du inte ska stanna, du ska hem till Sauron och kyssa ringen. Haha tandlösa, vi fick upp SD till 20%, skulle säga att vi är jävligt bra på det vi gör, helt utan resurser så har vi dragit ner brallorna på er, vi har visat upp hur jävla dåliga ni är. Jag menar titta på dina överklass polare, jävlar vilket ras. Jag säger det igen helvete vad dåliga ni är, alla de där resurserna och ett så uselt resultat. Hin håle kan inte direkt vara nöjd med hur jävla dåliga ni faktiskt är, brukar han döda av några av er ibland när ni kommer med de magra resultaten? Ingen som räknas har fallit för er skit. NPC:er räknas inte och det vet du också. 
74	2020-11-24	Liberationfront	2935	 Det bekommer mig inte vad andra lyckas med. Är redan lyckad och har mitt på det torra. Sd började brunt men blir mer blått allt eftersom. 
75	2020-11-24	Teu	5338	 När hyckleriet avslöjas, sanningen kommer fram och argumenten tar slut, då kommer de grundlösa personangreppen. Ovanstående är så långt ifrån ett vänsterargument du kan komma. Det där är ett klassiskt borgerligt översittarargument där man per automatik märker alla i arbetarklassen som lata och saknar ambitionen att klättra upp i samhällspyramiden. Det komiska i argumentet är att det väldigt ofta kommer från personer som inte gjort ett skit för att förtjäna det dom har utan har ärvt merparten av sin rikedom. Det finns ingen i samhället som sliter hårdare för sina pengar än dom som ligger längst ner. 
76	2020-11-24	GTFO-Foreigner	3522	 Det där är inte sant. Bidragspacket längst ner behöver inte göra många knop för att få bidrag, de sliter definitivt inte hårdast. Många lågavlönade gör inte heller många knop på sina arbeten. Du får nog revidera det där påståendet. Annars håller jag med om att lättingar med pappas pengar och deras argument väger jävligt lätt, där har de allra längst ner och pappas pengar kotlettfrillor mycket gemensamt, båda grupperna är lata. 
77	2020-11-25	Teu	5338	 Bidragsparasiter jobbar inte för sina pengar och är således givetvis undantagna från ekvationen. Dom flesta lågavlönade arbetena är betydligt slitsammare än dom flesta kontorsjobben högre upp i näringskedjan. Jag har aldrig jobbat så hårt som när jag extraknäckte på restaurang och har fortfarande flera vänner i såväl restaurangbranschen som i vården. Diskplock, städ, vård m.m. är yrken du definitivt inte gör upp planer efter jobb i. Du kraschar i soffan och somnar när du kommer hem. Jag tror dom flesta ganska enkelt förstår att det är betydligt mer slitsamt att stå i ett varmt kök hela dagen vs. att parkera röven i en kontorsstol. 
78	2021-05-17	teacher80	1249	 I en artikel klagar en kvinna med afrikanskt ursprung att bränderna i Eskilstuna gjorde att hon upplevde staden värre än vad hon hade trott att den skulle vara, d.v.s. att den är mer "segregerad". Men, varför klagar invandrare när de själva kommer hit och tar med sig sina problem, våld, mord, våldtäkter missbruk av socialbidrag. Det är som de klagar på att de inte får allt i Sverige och sedan inte själv ser sin hand i de problem som migrationen har gett upphov till. Sverige skulle vara ett bättre land ekonomiskt och socialt om många av de socioekonomiska migranterna och de kriminella sparkades ut! Själv anser hon att ungdomarna bara är uttråkade och den sedvanliga såsseförklaringen att de inte har nintendo, volvo, vovve och villa, eller i hennes ord att de inte har någon sysselsättning. https://www.svd.se/brandkaoset-i-esk...-kandes-otackt 
79	2021-05-17	SvenskaLejonet	2903	 Alla har ett eget ansvar. Invandrarna tar inte sitt i många fall trotts STORT ansvarstagande från värdländerna särskilt Sverige. Det som händer då är att folk bli immigrations-fientliga över tid. Vilket är en lustig effekt på en positiv syn på immigration från samhället. Men så fungerar vi människor, cykliska reaktioner och motreaktioner. Tar bara lite olika lång tid för folk. Ungefär som överdriven positiv inställning till homosexuella har lett till att unga män idag är mer homofobiska tendenser, även om godhetsvurmare gärna påstår motsatsen med ord som "större acceptans". Vid nån punkt går det längre än "samhällets acceptans" och blir överdriven propagering som leder till motsatt effekt för att det fortfarande skriks om acceptans vilket folk märker att det inte alls handlar om längre. Ju mer man pratar om hur "svårt" invandrarna har det i samhället ju mindre kommer dom försöka också pga. det inte anses finnas någon mening att försöka alls då dom har det svårare än andra. Samtidigt har dom det faktiskt lättare. Folk ser det och tycker att dom är otacksamma djur. 
80	2021-05-17	george.sthlm	7815	 Sverge hade utan problem kunnat hantera volymen av invandrare om vi agerat annorlunda. Se på Canada som har stor invandring men helt andra grupper än Sverige. 75 % av deras invandrare är Indier, Kineser, Filippinare mm Samtliga har bra utbildning och pratar landets språk redan vid ankomst. Resterande 25 % kommer från flyktingläger där Canada valt ut med bäst förutsättningar att lyckas, dvs unga & välutbildade. Om du redan har språk och utbildning på plats när du anländer så har du ju så mycket lättare att på kort sikt komma in i samhället. Sverige: Vi tar emot vad som helst, analfabeter och krigsförbrytare. 
81	2021-05-17	Mattias1975	376	 bara för henne att locka ed sig så många som möjligt och lämna detta land och flyga hem och förhoppningsvis krasha i väldigt djupa vatten för att aldrig bli funna 
82	2021-05-17	<user> johanjohan71 Reg: Jan 2021 # : 1 989 
83		 Lyssnade på nyheterna på SR om bilbränderna och attacken mot polisstationen i Eskilstuna. Statsreportern förklarade föga oväntat att orsaken var att fritidsgårdarna hade stängt. Visste inte att de brukar ha nattöppet. 
84	2021-05-17	<user> SwampDogg Reg: Feb 2021 # : 1 044 
85		 De kanadensare jag har mött är knappast speciellt nöjda med situationen i deras land. Vi har ju dock, som alltid känns det som, goda skäl till att vara mycket mer missnöjda. 
86	2021-05-17	<user> -GG Reg: Aug 2018 # : 9 759 
87		 Ja, och hur glada hade inte fattiga svenskar förr i tiden varit om de fått allt det och alla de möjligheter som blattarna erbjuds. De hade varit chockade av blattarnas oförmåga att göra guld på det. Vad fan mer måste babbarna ha, hade de frågat sig. Blattarna lever alltså i den bästa versionen av Sverige och i ett av världens tryggaste länder, enligt vänsterblivna - men klarar ändå inte av att kapitalisera på det. Dessutom spär man på den egna odugligheten och meningslösheten med att ha dem här genom sjuka våldsbrott och sadistiska uppvisningar om dominans. 
88	2021-05-17	<user> sweintoo Reg: Apr 2012 # : 5 095 
89		 Det är såklart svammel. Antagligen har de inte intelligens och impulskontroll nog för att göra något vettigt med sina liv. De skulle aldrig kommit hit, simple as that. Hade de varit vietnameser eller japaner hade de med största sannolikhet inte ställt till med bilbränder och våld. 
90	2021-05-17	<user> Japanskrapan Reg: Nov 2020 # : 2 342 
91		 Det finns en del invandrare som verkligen vill komma in i det svenska samhället. Det finns många olika orsaker till att det inte alltid lyckas. Det kan beror på oss svenskar eller på dom själva. Och allt där emellan. De jag har mött var tex en man från Bangladesh som tog sig upp från noll till att äga en stor resebyrå. En annan man från Etiopien som läste in via komvux och sen gick högskola för att bli socionom. Bägge dessa är ex på att det går. 
92	2021-05-17	<user> BoulevardAlruna Reg: Jan 2019 # : 2 881 
93		 Alla fattiga och/eller segregerade förstör inte heller, begår inte våldsbrott, bränner inte bilar. finns nåt som heter moral. 
94	2021-05-17	<user> SydneyPowell Reg: Nov 2020 # : 318 
95		 Nej, det är verkligen otäckt att dessa utsatta området inte får några som helst resurser från det vita majoritetssamhället. Tänk er själva att växa upp i exempelvis Rinkeby, långt från all samhällsservice, där det bara finns betong, inga grönytor att vara på, inga fritidsgårdar, fotbollsplaner, lekparker, ungdomshus eller annat som vi vita tar för givet i våra bostadsområden. Inte undra på att desperationen efter frihet och försörjning blir stor. 
96	2021-05-17	<user> Opaque Reg: Jun 2008 # : 7 284 
97		 Har det gått förbi dig fullständigt att den absoluta majoriteten invandrare också vill bli kvitt alla kriminella familjer/gäng och klaner ? Skyll på regeringen som tappar greppet för varje år som går. Något måste hända, en auktoritär kampanj måste fram emot dessa samhällssvulster. 
98	2021-05-17	<user> teacher80 Reg: Sep 2014 # : 1 249 
99		 Problemet är att även de som har utbildat sig och skaffat arbete kan bli ett "problem" om de börjar driva sin egen grupps intressen i Sverige. Se bara på palestinierna, muslimer rent generellt där kulturella, etniska eller religiösa grupperingar börjar driva sin egen sak på ett sätt som skapar problem i Sverige. Palestinierna driver runt som löst folk och härjar likt de vore i Mellanöstern. De genererar bara kaos. Jag begriper inte varför de hjärndöda och allmänt kaosartade människorna viftar med den palestinska flaggan i Sverige och kaosar. Vad har det med Sverige och svenskar att göra? Det vore ju ypperligt om de frivilligt självdeporterade sig och gjorde det i "Palestina" istället. 
100	2021-05-17	<user> -GG Reg: Aug 2018 # : 9 759 
101		 Exakt! Detta måste svenskarna förstå när de tjatar om "bra invandring". Varför ska Sverige vara en plats för bruna, gula och svarta grupper att driva runt på eller driva intressen från? 
102	2021-05-17	<user> neuron-drone Reg: Aug 2013 # : 13 135 
103		 Tycker ni missar huvudproblemet. Hur en liten stad kan kännas mer otrygg än stockholmsområden som har stämpeln som utanförskapsområden. Jag tycker det är en intressant iakttagelse. Jag har bott i Eskilstuna i 25 år, dvs jag har sett staden förändras. Det är väldigt mycket som är skitkonstigt här om man jämför. Jag har ju kompisar i andra mindre städer som vittnar om att polisen är bra, vården är OK, man kommer fram på vägarna. Här har det blivit kaos inom alla områden. Vi har krigande gäng i en population på bara 100 000. Vi har inga hus att bo i. Få byggs och ingen har råd att bo där så där bor bara folk på soc. Folk får bo med varandra. I mitt trapphus bor de 7 st i en tvåa. Det är helt normalt. Finns inga läkartider, min vårdcentral har en beläggning på 300 %. Vi måste vårdturista i andra städer. Folk kommer inte hem efter jobbet för det tar två timmar under rusningstid då allt står stilla. Varje jävla dag. Polisen kommer inte om du ringer, däremot åker de runt och misshandlar random människor som inte gjort fel. Kvinnan i insändaren har rätt att vara förvånad. Det är inte normalt att flytta till en liten stad och sedan är det kaoz all the way. Sedan tror jag inte det är invandrarkvinnor so kaozar och tänder på bilar. Det är unga män. Gängen drar folk ner till 12 år. De ser upp till dem som är 20 och i slutet av sina liv. Hoppar man av ett gäng blir man dödad. De i gängen har en slags dödskult, de lever för dagen för de vet att deras liv är kort. Helt sinnessjukt. Och inte invandrarkvinnors fel. Särskilt de som inte har barn själva, som inte har låtit sina egna söner löpa amok. Klart det finns invandrarkvinnor som tror att deras små pojkar inte gör något fel, står och lipar vid sjuksängen när barnet blir skjutet, men vad beror det på att det är en sådan split mellan generationerna? Det händer faktiskt inte med alla invandrare även om de är i riskzonen iom att de äldre inte kan landet men de yngre gör det. Jag själv är lite mer härdad och inte helt skräckslagen av bilbränder. De gängkriminella har aldrig skadat mig. Men det gör mig illa att folk inte vågar gå ut längre för att de inte kan se skillnad på störiga vanliga invandrare som bara förstör ljudbilden och de som kan skjuta dig. Jag vill ta tillbaka min stad med fredliga medel. Jag vill att nattvandrarna inte ska försöka omvända kriminella, jag vill att de ska gå med folk som vill röra sig ute men är rädda. Jag vill att hela jävla Eskilstuna, de som inte är kaozfolk, ska komma ut och göra min stad trygg igen. Men de som är ideella har fel mål. De vill rädda de som inte kan räddas, istället för att göra vanligt folk trygga. Och vanligt folk kan vara både svenskar och invandrare. Är västermalmsbo, har närhet till Fröslunda, Råbergstorp och Lagersberg. Vi som folk måste fixa detta, vi kan inte lita på copsen och Securitas. Vi har ett gäng trots att när det fortfarande var patetiskt litet och de stod och sparkade sten i Fröslunda centrum så stod en securitasbil där hela tiden. Tror ni det verkligen hindrade gänget från att växa? Folk är sådana idioter som alltid vill ropa in makten, som om det hjälper. 
104	2021-05-17	<user> teacher80 Reg: Sep 2014 # : 1 249 
105		 1. Majoriteten migranter fortsätter rösta på partier som gynnar deras egen etniska grupp vilket fortsatt massinvandring och socialbidrag gör. 2. Blod är tjockare än vatten OCH få migranter vill ha sina landsmän utvisade. De ställer upp för sin klan även om de inbegriper mördare, våldtäktsmän, terrorister och narkotikalangare speciellt så länge offren är svenskar. De flesta migranter ser till sina egna intressen och kommer låta Sverige fortsätta i samma stil och S, C, V och Mp försöker ju nu ta resurser från svenskar, arbeten och bidrag i syfte att föra över det till de socioekonomiska migranterna och de kriminella. Löfven har ju vid upprepade blivit frågad om han ska utvisa fler kriminella, men istället får vi bara en hänvisning till att LAS skyddar kvinnor från överfallsvåldtäkter. S har förstått att migranterna INTE vill ha sina släktingar/klanmedlemmar utvisade oavsett vilka brott de har begått då de begås mot svenskar. 
106	2021-05-17	<user> hjaelploskille Reg: Apr 2019 # : 3 128 
107		 Har det slagit dig att invandraren som klagar på segregation kanske inte är samma invandrare som våldtar och mördar? Vilken idiot hahaha som den där yet you participate in society-memen: ööö hon klagar på segregation men actually så är hon invandrare själv och det är ju invandrare som bränner bilar! 
108	2021-05-17	<user> ENTP Reg: Mar 2015 # : 2 374 
109		 Förhoppningsvis ta med sig en helt ny värld av kunskap till sitt hemland så att det blomstrar och samtliga av hennes landsmän åker tillbaka och inga fler någonsin kommer hit som flyktingar. Rättade slutet på ett annars bra inlägg lite. 
110	2021-05-17	<user> Amazon-mannen Reg: Oct 2006 # : 4 569 
111		 Det är hennes söner/kusiner/wallawalla-brushooor som bränner och våldtar. Inte det bra svenska folket. 
112	2021-05-17	<user> ENTP Reg: Mar 2015 # : 2 374 
113		 Det är ju hennes son eller hennes sons polare som lever rövare och sabbar allt. Jag är vit man så jag får inte säga något för då går sådana som du i taket lilla stumpan. Alltså så är det blattemorsans alldeles egna samhällskris att lösa. Inte för att jag tror att det kommer att gå men det är likväl hennes ansvar. Ditt också men du är med allra största sannolikhet en funktionshindrad ynkrygg som inte vågar säga ett knyst ens om din kille skulle bli våldtagen av ett blattegäng med dig i samma rum. Bådar inte gott men alla vet åtminstone vems fel det är och vilka idéer som ledde oss hit. 
114	2021-05-17	<user> punishersweden Reg: May 2019 # : 2 250 
115		 Fan vad du snackar skit. Rinkeby är granne med järvafältet med hur fin natur som helst. Finns ett flertal nya fina fotbollsplaner. Dom flesta gårdar är fina och upprustade. Fritidgsgårdar finns ju också problemet är ju bara att det finns knark, vapen och extremism. Du är en jävla pajas. 
116	2021-05-17	<user> Cameltotem Reg: Nov 2010 # : 4 777 
117		 Hängde en del på krogarna och nattklubbarna 2012-2014. Kommer ihåg det var riktigt illa redan då. Dock så var det otroligt mycket Svenska gäng, visst var de mycket invandrare men de var som sagt förvånasvärt mycket Svenska typer som gick runt med kniv och sånt. Som sagt, de var riktigt illa då så kan inte tänka mig de blivit bättre. 
118	2021-05-17	<user> george.sthlm Reg: Feb 2009 # : 7 815 
119		 sist jag var i ett "utanförskapsområde" var jag förbluffad över viken fantastisk och helt överlägsen VIP service som erbjuds. På 20 språk kunde du på ortens medborgarkontor få kontakt med arbetsförmedlingen, försäkringskassan, socialkontoret, barnomsorgen, skolan, a-kassan och skattemyndigheten. Medborgarkontoret hade egna telefonnummer och handläggare som dom kunde få direktkontakt med och lämna besked i olika ärenden. Helt överlägset all annan samhällsservice jag någonsin sett. Vanliga svenskar står i telefonkö i timmar för att få basal information men på ett medborgarkontor kan du få en " all inclusive" service för alla myndigheter oavsett om du bott i sverige i en vecka eller 30 år på ditt hemlandsspråk. 
120	2021-05-17	<user> filip60 Reg: Feb 2009 # : 757 
121		 En av dom gripna är 35 år bevtivlar att han går på fritidsgårdar? 
122	2021-05-17	<user> DeValera Reg: Feb 2020 # : 16 113 
123		 Det stämmer. Den arbetskraft som de tar emot är också inriktad mot bristyrken, inte för att lönekonkurrera och hålla ned lönerna. Har även hört att Kanada inte tar emot ensamma män, men är lite osäker på den uppgiften, och att det är förbjudet att ljuga för kanadensiska myndigheter, att ljuga om härkomst, ålder leder till straff och utvisning. 
124	2021-05-17	<user> johanjohan71 Reg: Jan 2021 # : 1 989 
125		 Aj då! Hur ska SR förklara detta? 
126	2021-05-17	<user> george.sthlm Reg: Feb 2009 # : 7 815 
127		 I stockholmsområdena är fritidsgårdar "logistikcenter" för droger, småkillar på 13-14 år sitter på ett litet lager med hasch och väntar på sms från äldre handlare med order om leverans och hur mycket dom skall redovisa. 
128	2021-05-17	<user> NoTrouble Reg: Oct 2020 # : 514 
129		 Regeringen göder de kriminella nätverken genom att locka hit människor som hamnar i fattigdom och utanförskap. Denna utveckling vill man fortsätta med genom att återgå till generös invandring. Hur långt ska Sverige sjunka innan regeringen nöjd? 
130	2021-05-17	<user> Annabella83 Reg: Jul 2019 # : 3 324 
131		 "Återgå"?? Om man tittar på de senaste 10-15 årens antal utdelade UT ligger de på ca 100 000 per ÅR.. 
132	2021-05-18	<user> Ancistrus Reg: Oct 2017 # : 7 475 
133		 Jag förmodar att du är ironisk, men annars rekommenderar jag dig verkligen att besöka Rinkeby så får du se att det snarare är raka motsatsen till din beskrivning. Och jo, det pumpas också in pengar i såväl Rinkeby som andra invandrartäta förortsområden, det har skett i decennier, tyvärr utan större framgång. De som saknar ovanstående är snarare de som bor på landsbygden. (Undantaget grönytor förståss.) Mig veterligen är det extremt ovanligt att det kaosas där. Att människor beter sig som idioter är oftast inte mycket svårare att förklara än att de just är idioter. 
134	2021-05-18	<user> hjaelploskille Reg: Apr 2019 # : 3 128 
135		 Haha och du vet det? Att det är hennes son eller polare som lever rövare? Det är inte möjligt att hon är en helt vanlig person utan anknytning till kriminella killar? Sen är det ju lite ironiskt att du pratar om att det är min typ som är ynkryggar när det är din typ som blivit förpassad till internet eftersom ni inte vågar uttrycka dessa saker IRL. Allt du gör på Flashback är att gnälla om invandring och feminism men du tittar lydigt ner när du går förbi en invandrare och håller käften när en kvinna på jobbet börjar prata om sociala orättvisor. Sen går du in på ett anonymt internetforum och kallar andra för ynkryggar hahaha 
136	2021-05-18	<user> FinskSvartskalle Reg: Jul 2017 # : 2 883 
137		 Hade hellre bott i Canada, men det är nog en jävla massa crime där med. Vancouver, Winnipeg, Calgary, Montreal och Toronto är nog minst lika fuckade som Sthlm, Gbg och Malmö när det gäller brott. 
138	2021-05-18	<user> Sladdaren Reg: Nov 2020 # : 9 637 
139		 Bra att vissa svartingar klagar, då får vi mer ved på elden att kasta ut svartingar ur landet som begår handlingar som klagas på och som pekas ut som orsaken till att man inte kan integrera sig som bisittare och åskådare pga det Konstigt att man inte tänkte på klagomålen förr ifrån svartingar som tydligen vill ha det lugnare och mer aklimatiserat enligt svensk beteendenorm Sosseområden har alltid varit kaosområden när de släpper loss svartingar inom sina zoner. Antar att sossarna gillar att inrätta djurparker och zoo men där tyvärr turisterna inte betalar biljetten och det finns inga burar Lustigt iaf att man tar in mer svartingar när man har tillräckligt med såna som inte kan uppföra sig coh gillar att driva omkring med diverse hyss 
140		 Jag tror att de har för lite mental fantasi som folkslag så de kan inte själv skapa en god skolmiljö och hobbies som kan kallas utveckling (dvs initiativ förmåga och egenvilja). Det har ju åtskilliga ggr skänks mycket integrationspengar till dessa där alla projekt rämnar 
141	2021-05-18	<user> bossekaka Reg: Oct 2008 # : 1 622 
142		 Så det börjar bli för få svenskar? Stackars invandrare som måste dras med varandra. 
143	2021-05-18	<user> ENTP Reg: Mar 2015 # : 2 374 
144		 Du vill tro allt det här, det skulle vara extremt skönt för dig. Jag är öppen men kanske väljer orden bättre i fikarummet. Allt jag har sagt om dig kvarstår dock lilla flicka. Känner du dig modig när du papegojar hela etablissemangets mest säkra och städade åsikter? Känner du att du är särskilt tuff och stark som vågar säga det som alla företag, regeringen och samtlig media torgför som goda och fina åsikter? Sanningen är att jag vågar säga ifrån och du är livrädd och spelar med, alternativt helt enkelt för jävla dum för att förstå. Jag betvivlar att någon som är kapabel att sätta ihop ens en mening korrekt är för dum för att kunna lägga ihop 1 och 1, så därför kallar jag dig för en jävla ynkrygg istället för mentalt handikappad. För övrigt så spelar det ingen roll om blattekärringen är ett, två eller fem sociala steg ifrån den grupp som förstör, det är fortfarande hennes (och ditt din lata jävla ynkrygg) ansvar att lösa problemet. Vilket ni inte förmår. 
145	2021-05-18	<user> hjaelploskille Reg: Apr 2019 # : 3 128 
146		 Nej, känner mig så klart inte modig. Men du är typen som anser att Sveriges undergång närmar sig pga statens politiska beslut de senaste decennierna och ändå vågar du inte göra din röst hörd där det spelar roll utan hänger i ekokammare på internet. Och jo, hade du faktiskt läst TS istället för att direkt leverera dina förprogrammerade svar så hade du sett att det spelar roll: 
147		 Jag vet inte hur du har tänkt att en individ som kvinnan i fråga ska "lösa problemet" men att göra sin röst hörd offentligt är bättre än inget. 
148	2021-05-18	<user> ENTP Reg: Mar 2015 # : 2 374 
149		 Var spelar min röst roll menar du? Jag har också ett liv och människor mot vilka jag har ett ansvar att fortsätta leva som en svensson. Jag kan inte gå full Mad Max och ställa mig på torget med ett plakat där det står "blattarna är skyldiga att lösa problemen som de själva skapar, frågor på det?". Sådana som du din jävla orm skulle se till så att jag får sparken för ett sådant tilltag. Jag vågar påstå att essentiellt alla arenor som du menar "spelar roll" skulle ge samma effekt på mitt liv. Tala inte med mig om förprogrammerade svar, det är fan du som har tittat på HBO och kört en copypaste på någon amerikansk woke BLM propaganda, inte jag. Du läser för övrigt inte vad jag skriver, jag är övertydlig med att blattekvinnan inte har en jävla chans att lösa problemen och att ingen annan har det heller för den delen. Den enda "lösningen" är att skicka hem >75%. Så vad är lösningen då? Vad gör jag? Överväger att rösta på miljöpartiet eller vänsterpartiet för att accelerera förfallet och förkorta tiden tills gemene svensson är beredd att acceptera den tämligen beska medicinen. 
150	2021-05-18	<user> MellanFredOchKrig Reg: May 2021 # : 386 
151		 Vad föreslår du att man ska göra? Staten har våldsmonopol och om man inte är helt bakom flötet så förstår man att de hotfulla invandrarna är beväpnade eller har annat socialt våldskapital som en vanlig svensk helt enkelt inte har. 
152	2021-05-18	<user> MellanFredOchKrig Reg: May 2021 # : 386 
153		 Vad snackar du om? Folket har gjort sin röst hörd. SD: 20%, snart Sveriges största parti. De talar om dessa problem HELA TIDEN. Vad menar du att en privatperson skulle kunna göra som SD inte redan gör? Jag kan säga dig att jag talar om detta med anhöriga hela tiden. Vet du vad som oftast händer? De klänger sig fast vid illusioner som "det måste gå!" och "det kommer bli bra, vi löser detta". De fortsätter rösta på samma partier, utan att göra en ny analys av situationen. Sen när någon anhörig till dem blir utsatt för brott så kommer de gråtandes och gnällandes - DÅ, och bara då, kanske de överväger att överge PK-illusionerna. Jag har garanterat offrat mer än dig i yttrandefrihetens namn. Relationer, vänskap, rykte, m.m. 
154	2021-05-18	<user> Annabella83 Reg: Jul 2019 # : 3 324 
155		 Känner igen mig. Pratar också med anhöriga och vänner och även kollegor m om att vi MÅSTE stoppa massinvandringen om landet Sverige ska kunna fortsätta existera på sikt. Mycket mer kan man tyvärr inte göra som privatperson, mer än att rösta SD så klart. Men händer även att jag blir så provocerad när jag ser ett vaggande huckle med 5 ungar och magen i vädret att jag stirrar kraftigt, ruskar på huvudet och ibland tom säger "åk hem". Vet ju dock inte om de orkat anstränga sig så "mycket" p den betalda SFI:n att de fattar de enkla orden.. 
156	2021-05-18	<user> MellanFredOchKrig Reg: May 2021 # : 386 
157		 Muslimerna gör bara sin plikt: nämligen att sprida religionen. Vem kan beskylla dem? Politikerna har sålt landet. Vi måste göra våran plikt: att upprätthålla svensk frihet, lag och kultur och avsätta politikerna som skapar problem. 
158	2021-05-18	<user> Annabella83 Reg: Jul 2019 # : 3 324 
159		 Ja, visst är det politikerna som bär det yttersta ansvaret. Kan dock inte låta bli att störa mig enormt på människor som tycker det är en rätt att bosätta sig i andra länder och istället för att lära sig språket och skaffa försörjning endast ägnar sig åt att skaffa mängder med ungar som de låter svenskarna försörja. 
160	2021-05-18	<user> teacher80 Reg: Sep 2014 # : 1 249 
161		 Jag samtalade med en person något år efter att SD hade kommit in i riksdagen och som röstar på S, och säkerligen fortfarande gör det. När jag nämnde SD så blev han livrädd då vi var i livsmedelsaffären, men inte för mig utan för att någon runt omkring skulle ha hört samtalet. Tänka dig att en vuxen människa blev RÄDD bara för att man för ett ett samtal, vilket innebär att många medelålders och äldre väljare som fortfarande stödjer S gör det för att de fruktar att bli socialt uteslutna av sina vänner, arbetskamrater eller facket. S vet var det svider och det är med den makten de upprätthåller att partiet inte rasar ihop helt och hållet. 
162	2021-05-18	<user> SydneyPowell Reg: Nov 2020 # : 318 
163		 Kan detta stämma? Erkänner att jag aldrig varit i Rinkeby, men det är ju den bilden jag fått av att läsa seriösa medier. Otroligt om du har rätt. 
164	2021-05-19	<user> EggBoxJuan Reg: Aug 2013 # : 1 260 
165		 Vilket otroligt skitsnack, kommuner har pumpat in otroliga summor i dessa områden utan resultat. Även om de inte hade gjort det så är man fri att röra sig fritt i samhället, man kan ta en buss till ett grönområde eller en tunnelbana till en fotbollsplan. Precis som det fungerar för de flesta runtom i Sverige. Det stora problemet är att man inte vill leva som en svensk och inte vill ta del av svensk kultur, och då ska man heller inte få del av kakan. Vissa sliter och jobbar sina hela liv för att få bo på en 'exklusiv' plats. Det är ingen förmån som bara delas ut efter hudfärg. 
166	2021-06-09	<user> Nochills Reg: Nov 2008 # : 3 466 
167		 Jag bodde själv i Eskilstuna för 20 år sedan och redan då kändes atmosfären som mycket otrygg på Kvällstid. Skillnaden var att det inte fanns särskilt många invandrare, därav ligger problemet mycket djupare rotat i Samhället. Utanförskapet segregerar och förstör för så många människor trots att landet i sig är välmående, detta är en Tragedi... 
168	2023-01-03	<user> -GG Reg: Aug 2018 # : 9 759 
169		 Ingen som tjuter om segregation kan förklara vad exakt det är i segregationen som gör de antisociala och kriminella. Människor är faktiskt segregerade av fler skäl än geografiskt. En kvarter med några meter mellan husen skulle också ha konsekvensen att svenskar och invandrare var segregerade när lite tid passerat. Varför blir man en våldtäktsman för att man bor på en viss plats när de som bodde där före inte uppvisade samma mongo-liv med så främmande undertoner? Det har ju blivit så för att de folk som man "segregerat sig emot" beter sig fruktansvärt illa. Men segregation skulle lika gärna kunna beskrivas från andra hållet, att vita mår bra av det, är tryggare och framgångsrikare. Segregation är lika meningslöst som rasist så fort man inte får man som vill eller avkomman förstör ett område. 
170	2023-01-03	<user> MrMario Reg: Feb 2012 # : 5 467 
171		 Hon bör nog klaga till sin lokala invandrarförening. 
172	2023-01-03	<user> Statistenidittliv Reg: Mar 2014 # : 19 175 
173		 De kommer hit med föreställningen att Sverige är ett tryggt och välfungerande land, och om man jämför med vissa andra länder är det det. Men åratal av vanstyre håller på att ändra på det. 
174	2023-01-03	<user> Spinnacer Reg: Oct 2007 # : 2 699 
175		 Du har väldigt naiv syn på Kanadas invandring. Den är lika hemsk som här. De har öst in flera miljoner invandrare. De kallar Vancouver för "Hongcouver" så jäkla mycket kineser. Ingen har råd att bo i storstadsområdena längre. Väldigt mycket svarta och folk från mellanöstern/östafrika i storstadsområdena. Kanada är lika illa ute som Sverige; nästan värre, för globohomo kulturen är djupt rotad där. De vanligaste paren du ser är i Kanada är; asiatisk kvinna - vit man, svart man - vit kvinna och muslimska familjer. Detta är norm. 
176	2023-01-08	<user> FinskSvartskalle Reg: Jul 2017 # : 2 883 
177		 Jag är europé och väljer en asiatkvinna före en vit kvinna alla gånger. Asiatkvinnor är charmiga, söta och kvinnliga. 
178	2022-09-07	<user> 
179	<user> Manorm	190
180		 I dag intervjuas migrations- och integrationsministern Anders Ygeman i Dagens Nyheter. Han medger då att Sverige har "misslyckats med segregationen under de senaste 30 åren i Sverige." Han säger att (även) Socialdemokraterna har ett ansvar för det. 
181		 Frågeställning: Kommer Ygemans uttalande att få några konsekvenser för Socialdemokraterna? Får det några andra effekter? 
182	2022-09-07	991ESS	1742	 Jag är helst 100% segregerad från dessa illegala invandrade samt såssar. 
183	2022-09-07	yz44	8794	 Skulle vilja säga att ygerman och socialdemokraterna har lyckats fullständigt med segregationen. Inte för att det förefaller att minska ambitionen på området då åtgärder för att reellt minska volymerna helt saknas. Att sedan säkerhetsrisken ygerman tillåts fortsätta är inget annat än en skandal. 
184	2022-09-07	Bemp	4491	 De har väl lyckats utmärkt med segregationen. Kan sträcka på sig där. 
185	2022-09-07	Manorm	190	 Som flera påtalat uttrycker sig Ygeman klumpigt. Men jag tror alla förstår andemeningen: att den nuvarande segregationen är ett misslyckande. Men för all del, skoja vidare. Låt oss också få ordning på brotten, som Kristersson vill ha det. 
186	2022-09-07	Agent.Smith	867	 Kanske dags att byta namn till segregationsminister för ügeman. 
187	2022-09-07	Onaniprodukt	1031	 De har ju inte misslyckats med segregationen, den är ju faktiskt rätt lyckad. Det är integrationen som misslyckats. (Jag visar mig själv ut.) 
188	2022-09-07	jack.daniels	4374	 För mig fungerar segregationen utmärkt! Jag bor (via köpt lght) i ett område där jag känner mig trygg och kan lita på mina grannar! Negerområden besöker jag sällan! 
189	2022-09-07	Bassplay	4634	 Dom är snart där, oroa dig inte !! 
190	2022-09-07	jack.daniels	4374	 Jodå, jag är inte naiv! Visst vet jag att de vill sprida ut skräpet över större områden (problemen märks inte så mycket då) antingen så anpassar jag mig till nya grannar, eller så blir det flytt ut i skogen eller annat land! 
191	2022-09-07	Wayahead	2989	 Så dags att erkänna med huvudet under bilan, jag låter den gärna falla, om inte annat tar vi det i Finspång! 
192	2022-09-07	titanbult	544	 våra styrande har förstånd som 3 åringar , i allt de hittar på 
193	2022-09-07	Schicklgrubblare	1516	 Ja det är som småbarn dessa hovnarrar, de går säkerligen att ha bakom kassan på ICA, men att styra ett land ska de ju inte göra. 
194	2022-09-07	Duvlort	3586	 Tror inte hade passat bakom kassan på ICA heller. -Men Anders, fattas det 5000 idag med? Vad gör du av med alla pengar? 
195	2022-09-07	BewilderedHulder	5392	 JAHA? Nu vill jag ha summan på kardemumman och det på öret som har investerats på detta integrationshaveri de senaste 30 åren. 
196	2022-09-07	UndeadNinja	9092	 Varför skulle egentligen segregationen vara ett problem? Varför ska man tvinga människor från så vitt skilda kulturer att beblanda sig med varandra? Vad är egentligen "socioekonomisk segregation"? Skulle den typen av segregation bli bättre bara för att olika kulturer tvångsblandas? Jag tror inte det. Det är helt uppenbart att olika folk helst bor med "de sina". Vi kan se det över hela världen där en grupp av ett folk migrerar till ett annat land. Visst kan man tycka att det vore mycket finare om alla bara var blandade tillsammans som ett enda folk men nu är det inte så det är och det är inget man kan tvinga fram. Snarare så leder ett sådant tvång till något likt krigen i Lebanon och forna Jugoslavien. Är det det som makthavarna vill ha här i Sverige? Eller tror de på fullaste allvar att något sådant inte skulle kunna ske just i Sverige? Låt olika folk få bo med varandra. Låt svenskar få bo bland svenskar om de nu vill det. Det är så fruktansvärt hur de har ställt till det för alla i det här landet och nu så ska alla andra få betala priset ännu mer och ännu värre. Politikerna med sina 70000 kronor (och ständigt ökande lön) i månaden kommer såklart aldrig själva att drabbas. De drabbas inte själva av några beslut som de fattar. Hade så varit fallet dock så hade samhället sett helt annorlunda ut idag. 
197	2022-09-07	Hddv1	6342	 Politiska poängen bara!! Man kan inte börja tvinga folk umgås, dricka kaffe om de inte vill?? <grinning-face> 
198	2022-09-07	Schicklgrubblare	1516	 Nej de är inte hederliga nog ens till det vardagliga småbestyr, alltså mer som trotsiga barn/djävular som ska få härja omkring precis som de vill och sedan ha fräckheten att försöka uppfostra OSS när deras idiotiska fulspel leder till allvarliga konsekvenser för folket! De behöver ju få smaka av sin egen medicin nu för de beter sig verkligen hur som helst de har inga som helst hämningar vid det här laget utan det är rakt in på total destruktion av landet! När jag ser Annie Lööf i TV så ser jag helt egenom en demonbesatt person. Finns ingenting levande bakom den där blicken, tvärtom. Total omänsklig varelse som njuter av makt och att få förgöra en hel nation. 
199	2022-09-07	UndeadNinja	9092	 Jag förstår inte vad du försöker förmedla. Var vänlig och skriv så att man begriper vad det är du vill svara på och diskutera. 
200	2022-09-07	Hddv1	6342	 Du förstår precis men du saknar argument svara tillbaka!! Svenskarna umgås inte ens med sina grannar, familj varför skulle de vilja umgås med invandrare?? <rolling-on-the-floor-laughing> 
201	2022-09-07	RollonHomie	3209	 Att kalla det för ett "misslyckande" är nog att ta i lite. De har ju lyckats till hundra procent och har inte gjort något annat än att jobba för att skapa denna katastrofala misär. Om vi vanligt folk redan från början kunde förutspå resultatet, så har landets styrande politiker också gjort det. De valde istället att stoppa huvudet i sanden och hoppades på att ett mirakel skulle inträffa längre fram. Mirakel finns inte och verkligheten är ingen fiktion. Lägg där till att nuvarande regering inte verkar ha minsta planer på att göra något åt det. De vill fortsätta i större skala. Inte förrän nu, när så mycket skit har träffat fläkten, att den går på endast ett halvt, söndertrasat rotorblad inför ett nyval... ja, då försöker de plötsligt övertala oss om att det minsann skall bli en ändring. Nej, det är skamligt. Man behöver ju bara se de ansvariga för att förstå att de hör hemma i Samhalls verksamheter. Vilka jävla skämt! 
202	2022-09-07	Mysadname	1772	 Oj, det är så stora belopp att varje styrande av detta land är en nolla som representerar varsin nolla i den kostnaden. 
203	2022-09-07	PK-befriad	8520	 De har misslyckats med att plantera arabnäsor och negerläppar på varenda nordiskt barn som planerat men de kommer trappa upp insatserna nästa mandatperiod. Alla ska med! 
204	2022-09-08	UndeadNinja	9092	 Nej. Skriv vad du menar istället. Så här skrev du. Helt obegripligt. 
205	2022-09-08	CyberIngmar	4033	 Säkerhetsrisken Ygeman uttalar sig. Det är ett hån mot svenska folket att han har socialdemokraternas fortsatta förtroende. 
206	2022-09-08	Svaagdricka	260	 Intressant statistik om kriminaliteten bland invandrare: https://bulletin.nu/ny-undersokning-...are-kriminella 
207	2022-09-08	pontec	4681	 Jag tycker såsarna har lyckats väl med segregationen, den växer och växer precis som förutspått och precis som regeringen uppenbarligen vill. Om de inte ville att segregationen skulle växa så har mygelman och friends haft 8 år på sig att försöka göra något åt det men ignorerat problemet. Nu är det valtider och man skyller det på någon annan, regeringen Bildt, Putin eller Trump; men det är S som suttit vid makten de senaste 8 åren och som totalt misslyckats med frågan. 
208	2022-09-08	Kammadaj	5968	 Bara lugn! Nu när korthuset faller och svenskarna får gå från hus och hem pga hög skuldsättning som drivits på av invandringen och numera fallande bostadspriser, samt skenande elpriser. Där svenskarna inte kommer ha råd att försörja sig själva och ännu mindre invandrarna, så löser det sig med segregeringen och pull-faktorn hit kommer försvinna. Partyt är över! 
